begin,end,matches,target code,comp code
205,345,0,['\n'],['']
345,390,0,[''],['none']
390,466,1,['none'],['none']
466,562,0,['none'],"['from socket import AF_INET, socket, SOCK_STREAM\nfrom threading import Thread\n\nHOST = \'localhost\'\nPOST = 5500\nBUFSIZ = 1024\nADDR = (HOST, PORT)\n\nSERVER = socket(AF_INET, SOCK_STREAM)\nSERVER.bind(ADDR)\n\nif __name__ == ""__main__"":\n  SERVER.listen(5)\n  print(\'Waiting for connection...\')\n  ACCEPT_THREAD = Thread(target=wait_for_connection)\n  ACCEPT_THREAD.start()\n  ACCEPT_THREAD.join()\n  server.close()']"
562,630,12,"['from socket import AF_INET, socket, SOCK_STREAM\nfrom threading import Thread\n\nHOST = \'localhost\'\nPOST = 5500\nBUFSIZ = 1024\nADDR = (HOST, PORT)\n\nSERVER = socket(AF_INET, SOCK_STREAM)\nSERVER.bind(ADDR)\n\nif __name__ == ""__main__"":\n  SERVER.listen(5)\n  print(\'Waiting for connection...\')\n  ACCEPT_THREAD = Thread(target=wait_for_connection)\n  ACCEPT_THREAD.start()\n  ACCEPT_THREAD.join()\n  server.close()']","['HOST = \'localhost\'\r\nPORT = 5500\r\nBUFSIZ = 1024\r\nADDR = (HOST, PORT)\r\n\r\nSERVER = socket(AF_INET, SOCK_STREAM)\r\nSERVER.bind(ADDR)\r\n\r\nif __name__ = ""__main__"":\r\n  SERVER.listen(5)\r\n  print(""Waiting for connection..."")\r\n  ACCEPT_THREAD = Thread(target=wait_for_connection), ())\r\n  ACCEPT_THREAD.start()\r\n  ACCEPT_THREAD.join()\r\n  SERVER.close()\r\n  ']"
630,635,13,"['HOST = \'localhost\'\r\nPORT = 5500\r\nBUFSIZ = 1024\r\nADDR = (HOST, PORT)\r\n\r\nSERVER = socket(AF_INET, SOCK_STREAM)\r\nSERVER.bind(ADDR)\r\n\r\nif __name__ = ""__main__"":\r\n  SERVER.listen(5)\r\n  print(""Waiting for connection..."")\r\n  ACCEPT_THREAD = Thread(target=wait_for_connection), ())\r\n  ACCEPT_THREAD.start()\r\n  ACCEPT_THREAD.join()\r\n  SERVER.close()\r\n  ']","['HOST = \'localhost\'\r\nPORT = 5500\r\nBUFSIZ = 1024\r\nADDR = (HOST, PORT)\r\n\r\nSERVER = socket(AF_INET, SOCK_STREAM)\r\nSERVER.bind(ADDR)\r\n\r\nif __name__ = ""__main__"":\r\n  SERVER.listen(5)\r\n  print(""Waiting for connection..."")\r\n  ACCEPT_THREAD = Thread(target=wait_for_connection), ())\r\n  ACCEPT_THREAD.start()\r\n  ACCEPT_THREAD.join()\r\n  SERVER.close()\r\n  ']"
635,691,5,"['HOST = \'localhost\'\r\nPORT = 5500\r\nBUFSIZ = 1024\r\nADDR = (HOST, PORT)\r\n\r\nSERVER = socket(AF_INET, SOCK_STREAM)\r\nSERVER.bind(ADDR)\r\n\r\nif __name__ = ""__main__"":\r\n  SERVER.listen(5)\r\n  print(""Waiting for connection..."")\r\n  ACCEPT_THREAD = Thread(target=wait_for_connection), ())\r\n  ACCEPT_THREAD.start()\r\n  ACCEPT_THREAD.join()\r\n  SERVER.close()\r\n  ']","[""from socket import AF_INET, socket, SOCK_STREAM\nfrom threading import Thread\n\ndef client_communication(client):\n\ndef wait_for_connection(SERVER):\n  run = True\n  while run:\n    client, addr = SERVER.accept()\n    Thread(target=client_communication, args=(client,).start())\n\nHOST = 'localhost'\nPORT = 5500\nBUFSIZ = 1024\nADDR = (HOST, PORT)\n\nSERVER = socket(AF_INET, SOCK_STREAM)""]"
691,1298,0,"[""from socket import AF_INET, socket, SOCK_STREAM\nfrom threading import Thread\n\ndef client_communication(client):\n\ndef wait_for_connection(SERVER):\n  run = True\n  while run:\n    client, addr = SERVER.accept()\n    Thread(target=client_communication, args=(client,).start())\n\nHOST = 'localhost'\nPORT = 5500\nBUFSIZ = 1024\nADDR = (HOST, PORT)\n\nSERVER = socket(AF_INET, SOCK_STREAM)""]","['class Person:\n  def __init__(self, addr, name, client):\n    self.addr = addr\n    self.name = name\n    self.client = client\n  def __repr__(self):\n    return f""Person({self.addr}, {self.name})""']"
1298,1632,0,"['class Person:\n  def __init__(self, addr, name, client):\n    self.addr = addr\n    self.name = name\n    self.client = client\n  def __repr__(self):\n    return f""Person({self.addr}, {self.name})""']","['client = person.client\naddr = person.addr\n\n# get persons name\nname = client.recv(BUFSIZ).decode(""utf8"")\nmsg = f""{name} has joined the chat!""\nbroadcast(msg)\n\nwhile True:\n  msg = client.recv(BUFSIZ)\n  if msg == bytes(""[quit]"", ""utf8""):\n    client.send(bytes(""[quit]"", ""utf8""))\n    client.close()\n    persons.remove(person)\n  else:']"
1632,1754,1,"['client = person.client\naddr = person.addr\n\n# get persons name\nname = client.recv(BUFSIZ).decode(""utf8"")\nmsg = f""{name} has joined the chat!""\nbroadcast(msg)\n\nwhile True:\n  msg = client.recv(BUFSIZ)\n  if msg == bytes(""[quit]"", ""utf8""):\n    client.send(bytes(""[quit]"", ""utf8""))\n    client.close()\n    persons.remove(person)\n  else:']","['def broadcast(msg, name):\n  for person in persons:\n    client = person.client\n    client.send(bytes(name + ""! "", ""utf8"") + msg)']"
1754,1917,1,"['def broadcast(msg, name):\n  for person in persons:\n    client = person.client\n    client.send(bytes(name + ""! "", ""utf8"") + msg)']","['client = person.client\n\nname = client.recv(BUFSIZ).decode(""utf8"")\nmsg = f""{name} has joined the chat!""\nbroadcast(msg)\n\nwhile True:\n  try:\n    msg = client.recv(BUFSIZ)\n    if msg == bytes(""[quit]"", ""utf8"")):\n      broadcast(f""{name} has left the chat..."")\n      client.send(bytes(""[quit]"", ""utf8""))\n      client.close()\n      person.remove(person)\n    else:\n      broadcast(msg, name)\n  except Exception as e:\n    print(\'[EXCEPTION]\', e)']"
1917,2095,1,"['client = person.client\n\nname = client.recv(BUFSIZ).decode(""utf8"")\nmsg = f""{name} has joined the chat!""\nbroadcast(msg)\n\nwhile True:\n  try:\n    msg = client.recv(BUFSIZ)\n    if msg == bytes(""[quit]"", ""utf8"")):\n      broadcast(f""{name} has left the chat..."")\n      client.send(bytes(""[quit]"", ""utf8""))\n      client.close()\n      person.remove(person)\n    else:\n      broadcast(msg, name)\n  except Exception as e:\n    print(\'[EXCEPTION]\', e)']","['client_socket = socket(AF_INET, SOCK_STREAM)\nclient_socket.connect(ADDR)\n\ndef receive_messages():\n  while True:\n    msg = client_socket.recv(BUFSIZ).decode()\n    messages.append(msg)\n    print(msg)\n\nreceive_thread = Thread(target = receive_messages)\nreceive_thread.start()']"
2095,2095,0,"['client_socket = socket(AF_INET, SOCK_STREAM)\nclient_socket.connect(ADDR)\n\ndef receive_messages():\n  while True:\n    msg = client_socket.recv(BUFSIZ).decode()\n    messages.append(msg)\n    print(msg)\n\nreceive_thread = Thread(target = receive_messages)\nreceive_thread.start()']",['glitched screenshot']
2095,2453,0,['glitched screenshot'],"['client = person.client\n\nname = client.recv(BUFSIZ).decode(\'utf8\')\nmsg = f""{name} has joined the chat!""\nbroadcast(msg, name)\n\nwhile True:\n  try:\n    msg = client.read(BUFSIZ)\n    print(f""{name}: "", msg.decode(""utf8""))\n']"
2453,2463,8,"['client = person.client\n\nname = client.recv(BUFSIZ).decode(\'utf8\')\nmsg = f""{name} has joined the chat!""\nbroadcast(msg, name)\n\nwhile True:\n  try:\n    msg = client.read(BUFSIZ)\n    print(f""{name}: "", msg.decode(""utf8""))\n']","['client = person.client\n\nname = client.recv(BUFSIZ).decode(\'utf8\')\nmsg = f""{name} has joined the chat!""\nbroadcast(msg, name)\n\nwhile True:\n  try:\n    msg = client.read(BUFSIZ)\n    print(f""{name}: "", msg.decode(""utf8""))\n']"
2463,2503,8,"['client = person.client\n\nname = client.recv(BUFSIZ).decode(\'utf8\')\nmsg = f""{name} has joined the chat!""\nbroadcast(msg, name)\n\nwhile True:\n  try:\n    msg = client.read(BUFSIZ)\n    print(f""{name}: "", msg.decode(""utf8""))\n']","['client = person.client\n\nname = client.recv(BUFSIZ).decode(\'utf8\')\nmsg = f""{name} has joined the chat!""\nbroadcast(msg, name)\n\nwhile True:\n  try:\n    msg = client.read(BUFSIZ)\n    print(f""{name}: "", msg.decode(""utf8""))\n    \n    if msg == bytes(""[quit]"", ""utf8""):\n      broadcast(f""{name} has left the chat..."",\'\')\n      client.send(bytes(""[quit]"", ""utf8"")']"
2503,2734,0,"['client = person.client\n\nname = client.recv(BUFSIZ).decode(\'utf8\')\nmsg = f""{name} has joined the chat!""\nbroadcast(msg, name)\n\nwhile True:\n  try:\n    msg = client.read(BUFSIZ)\n    print(f""{name}: "", msg.decode(""utf8""))\n    \n    if msg == bytes(""[quit]"", ""utf8""):\n      broadcast(f""{name} has left the chat..."",\'\')\n      client.send(bytes(""[quit]"", ""utf8"")']","['def send_message(msg):\r\n  """"""\r\n  send messages to server\r\n  :param msg: str\r\n  :return: None\r\n  """"""\r\n  client_socket.send(bytes(msg, ""utf8""))\r\n  if msg == ""{quit}"":\r\n    client_socket.close()\r\n\r\nreceive_thread.start()\r\n\r\nsend_message(""Tim"")\r\ntime.sleep()\r\nsend_message(""hello"")\r\n  ']"
2734,2734,13,"['def send_message(msg):\r\n  """"""\r\n  send messages to server\r\n  :param msg: str\r\n  :return: None\r\n  """"""\r\n  client_socket.send(bytes(msg, ""utf8""))\r\n  if msg == ""{quit}"":\r\n    client_socket.close()\r\n\r\nreceive_thread.start()\r\n\r\nsend_message(""Tim"")\r\ntime.sleep()\r\nsend_message(""hello"")\r\n  ']","['def send_message(msg):\r\n  """"""\r\n  send messages to server\r\n  :param msg: str\r\n  :return: None\r\n  """"""\r\n  client_socket.send(bytes(msg, ""utf8""))\r\n  if msg == ""{quit}"":\r\n    client_socket.close()\r\n\r\nreceive_thread.start()\r\n\r\nsend_message(""Tim"")\r\ntime.sleep()\r\nsend_message(""hello"")\r\n  ']"
2734,3025,0,"['def send_message(msg):\r\n  """"""\r\n  send messages to server\r\n  :param msg: str\r\n  :return: None\r\n  """"""\r\n  client_socket.send(bytes(msg, ""utf8""))\r\n  if msg == ""{quit}"":\r\n    client_socket.close()\r\n\r\nreceive_thread.start()\r\n\r\nsend_message(""Tim"")\r\ntime.sleep()\r\nsend_message(""hello"")\r\n  ']","['while True:\n  try:\n    msg = client.read(BUFSIZ)\n    print(f""{name}: "", msg.decode(""utf8""))\n    \n    if msg == bytes(""[quit]"", ""utf8""):\n      client.send(bytes(""[quit]"", ""utf8"")\n      client.close()\n      broadcast(f""{name} has left the chat..."",\'\')\n      persons.remove(person)\n      break\n    else:\n      broadcast(msg, name="": ""_\n      print(f""{name}: "", msg.decode(""utf8""))\n  except Exception as e:']"
3025,3217,14,"['while True:\n  try:\n    msg = client.read(BUFSIZ)\n    print(f""{name}: "", msg.decode(""utf8""))\n    \n    if msg == bytes(""[quit]"", ""utf8""):\n      client.send(bytes(""[quit]"", ""utf8"")\n      client.close()\n      broadcast(f""{name} has left the chat..."",\'\')\n      persons.remove(person)\n      break\n    else:\n      broadcast(msg, name="": ""_\n      print(f""{name}: "", msg.decode(""utf8""))\n  except Exception as e:']","['while True:\n  try:\n    msg = client.read(BUFSIZ)\n    print(f""{name}: "", msg.decode(""utf8""))\n    \n    if msg == bytes(""[quit]"", ""utf8""):\n      client.send(bytes(""[quit]"", ""utf8"")\n      client.close()\n      broadcast(f""{name} has left the chat..."",\'\')\n      persons.remove(person)\n      break\n    else:\n      broadcast(msg, name="": ""_\n      print(f""{name}: "", msg.decode(""utf8""))\n  except Exception as e:\n    print(""[EXCEPTION]"", e)\n    break']"
3217,3570,6,"['while True:\n  try:\n    msg = client.read(BUFSIZ)\n    print(f""{name}: "", msg.decode(""utf8""))\n    \n    if msg == bytes(""[quit]"", ""utf8""):\n      client.send(bytes(""[quit]"", ""utf8"")\n      client.close()\n      broadcast(f""{name} has left the chat..."",\'\')\n      persons.remove(person)\n      break\n    else:\n      broadcast(msg, name="": ""_\n      print(f""{name}: "", msg.decode(""utf8""))\n  except Exception as e:\n    print(""[EXCEPTION]"", e)\n    break']","['def __init__(self, name):\n  self.client_socket = socket(AF_INET, SOCK_STREAM)\n  self.client_socket.connect(self.ADDR)\n  self.messages = []\n  receive_thread = Thread(target=self.receive_messages)\n\ndef receive_messages(self):\n  while True:\n    try:\n      msg = self.client_socket.recv(self.BUFSIZ).decode(""utf8"")\n      self.messages.append(msg)\n    except Exception as e:\n      print(""[EXCEPTION]"", e)\n      break']"
3570,3624,0,"['def __init__(self, name):\n  self.client_socket = socket(AF_INET, SOCK_STREAM)\n  self.client_socket.connect(self.ADDR)\n  self.messages = []\n  receive_thread = Thread(target=self.receive_messages)\n\ndef receive_messages(self):\n  while True:\n    try:\n      msg = self.client_socket.recv(self.BUFSIZ).decode(""utf8"")\n      self.messages.append(msg)\n    except Exception as e:\n      print(""[EXCEPTION]"", e)\n      break']","['def send_message(self, msg):\r\n  """"""\r\n  send messages to server\r\n  :param msg: str\r\n  :return: None\r\n  """"""\r\n  self.client_socket.send(bytes(msg, ""utf8""))\r\n  if msg == ""{quit}"":\r\n    self.client_socket.close()\r\n\t\r\ndef get_messages(self):\r\n  """"""\r\n  :returns a list of str messages\r\n  :return: list[str]\r\n  """"""\r\n  return self.messages\r\n\r\n  ']"
3624,3709,1,"['def send_message(self, msg):\r\n  """"""\r\n  send messages to server\r\n  :param msg: str\r\n  :return: None\r\n  """"""\r\n  self.client_socket.send(bytes(msg, ""utf8""))\r\n  if msg == ""{quit}"":\r\n    self.client_socket.close()\r\n\t\r\ndef get_messages(self):\r\n  """"""\r\n  :returns a list of str messages\r\n  :return: list[str]\r\n  """"""\r\n  return self.messages\r\n\r\n  ']","['def __init__(self, name):\n  self.client_socket = socket(AF_INET, SOCK_STREAM)\n  self.client_socket.connect(self.ADDR)\n  self.messages = []\n  receive_thread = Thread(target=self.receive_messages)\n\ndef receive_messages(self):\n  while True:\n    try:\n      msg = self.client_socket.recv(self.BUFSIZ).decode(""utf8"")\n      self.lock.acquire()\n      self.messages.append(msg)\n      print(msg)\n    except Exception as e:\n      print(""[EXCEPTION]"", e)\n      break\n\ndef send_message(self, msg):\n  pass']"
3709,3734,1,"['def __init__(self, name):\n  self.client_socket = socket(AF_INET, SOCK_STREAM)\n  self.client_socket.connect(self.ADDR)\n  self.messages = []\n  receive_thread = Thread(target=self.receive_messages)\n\ndef receive_messages(self):\n  while True:\n    try:\n      msg = self.client_socket.recv(self.BUFSIZ).decode(""utf8"")\n      self.lock.acquire()\n      self.messages.append(msg)\n      print(msg)\n    except Exception as e:\n      print(""[EXCEPTION]"", e)\n      break\n\ndef send_message(self, msg):\n  pass']","['def send_message(self, msg):\r\n  """"""\r\n  send messages to server\r\n  :param msg: str\r\n  :return: None\r\n  """"""\r\n  self.client_socket.send(bytes(msg, ""utf8""))\r\n  if msg == ""{quit}"":\r\n    self.client_socket.close()\r\n\r\ndef get_messages(self):\r\n  """"""\r\n  :returns a list of str messages\r\n  :return: list[str]\r\n  """"""\r\n  return self.messages']"
3734,3959,1,"['def send_message(self, msg):\r\n  """"""\r\n  send messages to server\r\n  :param msg: str\r\n  :return: None\r\n  """"""\r\n  self.client_socket.send(bytes(msg, ""utf8""))\r\n  if msg == ""{quit}"":\r\n    self.client_socket.close()\r\n\r\ndef get_messages(self):\r\n  """"""\r\n  :returns a list of str messages\r\n  :return: list[str]\r\n  """"""\r\n  return self.messages']","['def receive_messages(self):\n  while True:\n    try:\n      msg = self.client_socket.recv(self.BUFSIZ).decode(""utf8"")\n      self.lock.acquire()\n      self.messages.append(msg)\n      self.lock.release()\n      print(msg)\n    except Exception as e:\n      print(""[EXCEPTION]"", e)\n      break\n\ndef send_message(self, msg):\n  pass']"
3959,4057,0,"['def receive_messages(self):\n  while True:\n    try:\n      msg = self.client_socket.recv(self.BUFSIZ).decode(""utf8"")\n      self.lock.acquire()\n      self.messages.append(msg)\n      self.lock.release()\n      print(msg)\n    except Exception as e:\n      print(""[EXCEPTION]"", e)\n      break\n\ndef send_message(self, msg):\n  pass']","['from client import Client\nimport time\n\nc1 = Client(""Tim"")\nc2 = Client(""Joe"")\n\nc1.send_message(""hello"")\nc2.send_message(""whats up"")\ntime.sleep(1)\nc1.send_message(""nothing much, hbu"")\ntime.sleep(1)\nc2.send_message(""Boring..."")']"
4057,4074,0,"['from client import Client\nimport time\n\nc1 = Client(""Tim"")\nc2 = Client(""Joe"")\n\nc1.send_message(""hello"")\nc2.send_message(""whats up"")\ntime.sleep(1)\nc1.send_message(""nothing much, hbu"")\ntime.sleep(1)\nc2.send_message(""Boring..."")']","['  self.client_socket.send(bytes(msg, ""utf8""))\n  if msg == ""[quit]"":\n    self.client_socket.close()\n\ndef get_messages(self):\n  self.lock.acquire()\n  self.lock.release()\n  return self.messages\n\ndef disconnect(self):\n  self.send_messages(""[quit]"")']"
4074,4495,0,"['  self.client_socket.send(bytes(msg, ""utf8""))\n  if msg == ""[quit]"":\n    self.client_socket.close()\n\ndef get_messages(self):\n  self.lock.acquire()\n  self.lock.release()\n  return self.messages\n\ndef disconnect(self):\n  self.send_messages(""[quit]"")']",['time.sleep(5)\n\nc1.disconnect()\ntime.sleep(2)\nc2.disconnect()\n\ndef update_messages():\n  msgs = []\n  while True:\n    time.sleep(0.1)\n    new_messages = c1.get_messages()\n    msg.extend(new_messages)\n    for msg in new_messages:\n      print(msg)']
4495,4760,4,['time.sleep(5)\n\nc1.disconnect()\ntime.sleep(2)\nc2.disconnect()\n\ndef update_messages():\n  msgs = []\n  while True:\n    time.sleep(0.1)\n    new_messages = c1.get_messages()\n    msg.extend(new_messages)\n    for msg in new_messages:\n      print(msg)'],"['Thread(target=update_messages).start()\r\n\r\nc1.send_message(""hello"")\r\ntime.sleep(5)\r\nc1.send_message(""hello"")\r\ntime.sleep(5)\r\nc1.send_message(""whats up"")\r\ntime.sleep(5)\r\nc1.send_message(""Nothing much"")\r\ntime.sleep(5)\r\n\r\nc1.disconnect()\r\ntime.sleep(5)']"
4760,4827,0,"['Thread(target=update_messages).start()\r\n\r\nc1.send_message(""hello"")\r\ntime.sleep(5)\r\nc1.send_message(""hello"")\r\ntime.sleep(5)\r\nc1.send_message(""whats up"")\r\ntime.sleep(5)\r\nc1.send_message(""Nothing much"")\r\ntime.sleep(5)\r\n\r\nc1.disconnect()\r\ntime.sleep(5)']","['while True:\n  try:\n    msg = client.recv(BUFSIZ)\n    if msg == bytes(""[quit]"", ""utf8""):\n      client.close()\n      persons.remove(person)\n      broadcast(bytes(f""{name} has left the chat..."", ""utf8"")\n      print(f""[DISCONNECTED] {name} disconnected"")\n      break\n    else:\n      broadcast(msg, name="": "")\n      print(f""{name}: "", msg.decode(""utf8""))\n  except Exception as e:\n    print(""[EXCEPTION]"", e)\n    break']"
4827,5165,0,"['while True:\n  try:\n    msg = client.recv(BUFSIZ)\n    if msg == bytes(""[quit]"", ""utf8""):\n      client.close()\n      persons.remove(person)\n      broadcast(bytes(f""{name} has left the chat..."", ""utf8"")\n      print(f""[DISCONNECTED] {name} disconnected"")\n      break\n    else:\n      broadcast(msg, name="": "")\n      print(f""{name}: "", msg.decode(""utf8""))\n  except Exception as e:\n    print(""[EXCEPTION]"", e)\n    break']","['From flask import Flask\napp = FLask(__name__)\n\nif __name__ == ""__main__"":\n  app.run()\n']"
5165,5613,2,"['From flask import Flask\napp = FLask(__name__)\n\nif __name__ == ""__main__"":\n  app.run()\n']","['from flask import Flask, render_template\n\napp = Flask(__name__)\n\n@app.route(""/"")\ndef home():\n  return render_template("""")\n\nif __name__ == ""__main__"":\n  app.run(debug=True)  ']"
5613,5948,7,"['from flask import Flask, render_template\n\napp = Flask(__name__)\n\n@app.route(""/"")\ndef home():\n  return render_template("""")\n\nif __name__ == ""__main__"":\n  app.run(debug=True)  ']","['from flask import Flask, render_template\n\nNAME_KEY = \'name\'\n\napp = Flask(__name__)\napp.secret_key = ""kawjdnawkjdnawkjdn""\n\n@app.route(""/login"")\ndef login():\n  return render_template("""")\n\n\n@app.route(""/"")\n@app.route(""/home"")\ndef home():\n  if NAME_KEY not in session:\n    return redirect(url_for(""login""))\n  return render_template("""")\n\nif __name__ == ""__main__"":\n  app.run(debug=True)  ']"
5948,6009,15,"['from flask import Flask, render_template\n\nNAME_KEY = \'name\'\n\napp = Flask(__name__)\napp.secret_key = ""kawjdnawkjdnawkjdn""\n\n@app.route(""/login"")\ndef login():\n  return render_template("""")\n\n\n@app.route(""/"")\n@app.route(""/home"")\ndef home():\n  if NAME_KEY not in session:\n    return redirect(url_for(""login""))\n  return render_template("""")\n\nif __name__ == ""__main__"":\n  app.run(debug=True)  ']","['from flask import Flask, render_template\n\nNAME_KEY = \'name\'\n\napp = Flask(__name__)\napp.secret_key = ""kawjdnawkjdnawkjdn""\n\n@app.route(""/login"")\ndef login():\n  return render_template("""")\n\n\n@app.route(""/"")\n@app.route(""/home"")\ndef home():\n  if NAME_KEY not in session:\n    return redirect(url_for(""login""))\n  return render_template("""")\n\nif __name__ == ""__main__"":\n  app.run(debug=True)  ']"
6009,6535,0,"['from flask import Flask, render_template\n\nNAME_KEY = \'name\'\n\napp = Flask(__name__)\napp.secret_key = ""kawjdnawkjdnawkjdn""\n\n@app.route(""/login"")\ndef login():\n  return render_template("""")\n\n\n@app.route(""/"")\n@app.route(""/home"")\ndef home():\n  if NAME_KEY not in session:\n    return redirect(url_for(""login""))\n  return render_template("""")\n\nif __name__ == ""__main__"":\n  app.run(debug=True)  ']","['<doctype html>\n<html lang=""en"">\n  <head>\n    <meta charset=""utf-8"">\n    <meta name=""viewport"">\n    <link rel=""stylesheet"">\n    <title>{% block title%}{% endblock %}</title>\n  </head>\n\n  <body>\n    <div class=""container"">\n      {% block content %}\n      {% endblock %}\n    </div>\n  \n    <script src=""https://.."">\n    <script src=""https://.."">\n    <script src=""https://.."">\n\n  </body>\n</html>']"
6535,6646,2,"['<doctype html>\n<html lang=""en"">\n  <head>\n    <meta charset=""utf-8"">\n    <meta name=""viewport"">\n    <link rel=""stylesheet"">\n    <title>{% block title%}{% endblock %}</title>\n  </head>\n\n  <body>\n    <div class=""container"">\n      {% block content %}\n      {% endblock %}\n    </div>\n  \n    <script src=""https://.."">\n    <script src=""https://.."">\n    <script src=""https://.."">\n\n  </body>\n</html>']","['{% extends ""base.html"" %}\n\n{% block title %}Home{% endblock %}\n{% block content %}\n{% endblock %}']"
6646,6646,4,"['{% extends ""base.html"" %}\n\n{% block title %}Home{% endblock %}\n{% block content %}\n{% endblock %}']","['{% extends ""base.html"" %}\r\n\r\n{% block title %}Home{% endblock %}\r\n{% block content %}\r\n{% endblock %}']"
6646,6795,2,"['{% extends ""base.html"" %}\r\n\r\n{% block title %}Home{% endblock %}\r\n{% block content %}\r\n{% endblock %}']","['<doctype html>\n<html lang=""en"">\n  \n  <nav class=""navbar navbar-expand-lg navbar-light bg-light"">\n    <h1 class=""navbar-brand"" href=""#""> CHAT APP </h1>\n    <button class=""navbar-toggler"">\n    <button class=""navbar-toggler"">\n      <span class=""navbar-toggler-icon""></span>\n    </button>\n    <div class=""collapse navbar-collapse"">\n      <div class=""navbar nav"">\n        <a href=""#""> Chat </a>\n        <a href=""#""> Login </a>\n        <a href=""#""> Logout </a>\n      </div>\n    </div>\n  </nav>\n\n  <body>\n    <div class=""container"">\n      {% block content %}\n      {% endblock %}\n    </div>\n  \n    <script src=""https://.."">\n    <script src=""https://.."">\n    <script src=""https://.."">\n\n  </body>\n</html>']"
6795,6905,2,"['<doctype html>\n<html lang=""en"">\n  \n  <nav class=""navbar navbar-expand-lg navbar-light bg-light"">\n    <h1 class=""navbar-brand"" href=""#""> CHAT APP </h1>\n    <button class=""navbar-toggler"">\n    <button class=""navbar-toggler"">\n      <span class=""navbar-toggler-icon""></span>\n    </button>\n    <div class=""collapse navbar-collapse"">\n      <div class=""navbar nav"">\n        <a href=""#""> Chat </a>\n        <a href=""#""> Login </a>\n        <a href=""#""> Logout </a>\n      </div>\n    </div>\n  </nav>\n\n  <body>\n    <div class=""container"">\n      {% block content %}\n      {% endblock %}\n    </div>\n  \n    <script src=""https://.."">\n    <script src=""https://.."">\n    <script src=""https://.."">\n\n  </body>\n</html>']","['{% extends ""base.html"" %}\n\r\n{% block title %}Home{% endblock %}\n{% block content%}\n<h1>TEST</h1>\n{% endblock %}\n']"
6905,6965,0,"['{% extends ""base.html"" %}\n\r\n{% block title %}Home{% endblock %}\n{% block content%}\n<h1>TEST</h1>\n{% endblock %}\n']","['@app.route(""/"")\r\n@app.route(""/home"")\r\ndef home():\r\n  return render_template(""index.html"")\r\n  \r\nif __name__ == ""__main__"":\r\n  app.run(debug=True)\r\n  ']"
6965,7119,0,"['@app.route(""/"")\r\n@app.route(""/home"")\r\ndef home():\r\n  return render_template(""index.html"")\r\n  \r\nif __name__ == ""__main__"":\r\n  app.run(debug=True)\r\n  ']","['{% extends ""base.html"" %}\r\n\r\n{% block title %}Home{% endblock %}\r\n{% block content%}\r\n<h1>TEST</h1>\r\n<button type=""button"" class=""btn btn-primary btn-lg"">\r\n{% endblock %}']"
7119,7356,5,"['{% extends ""base.html"" %}\r\n\r\n{% block title %}Home{% endblock %}\r\n{% block content%}\r\n<h1>TEST</h1>\r\n<button type=""button"" class=""btn btn-primary btn-lg"">\r\n{% endblock %}']","['{% extends \'base.html\' %}\n\n(% block title %} Home {% endblock %}\n{% block content %}\n  <h1>TEST</h1>\n  <button id=""test"" type=""button"" class=""btn btn-primary btn-lg"">Large button</button>\n  <script type=""text/javascript"" src=""{{ url_for{\'static\', filename=\'index.js\'} }}\'></script>\n{% endblock %}']"
7356,7378,0,"['{% extends \'base.html\' %}\n\n(% block title %} Home {% endblock %}\n{% block content %}\n  <h1>TEST</h1>\n  <button id=""test"" type=""button"" class=""btn btn-primary btn-lg"">Large button</button>\n  <script type=""text/javascript"" src=""{{ url_for{\'static\', filename=\'index.js\'} }}\'></script>\n{% endblock %}']","[""$.function() {\n           $('#test').bind('click, function() {\n             $.getJSON('/run',\n               function(data) {\n                 //do nothing\n               });\n               return False;\n              });\n            });""]"
7378,7717,8,"[""$.function() {\n           $('#test').bind('click, function() {\n             $.getJSON('/run',\n               function(data) {\n                 //do nothing\n               });\n               return False;\n              });\n            });""]","[""$.function() {\n           $('a#test').bind('click, function() {\n             $.getJSON('/run', // < HERE\n               function(data) {\n                 //do nothing\n               });\n               return False;\n              });\n            });""]"
7717,7720,8,"[""$.function() {\n           $('a#test').bind('click, function() {\n             $.getJSON('/run', // < HERE\n               function(data) {\n                 //do nothing\n               });\n               return False;\n              });\n            });""]","[""$(function() {\r\n  $('a#test').bind('click', function() {\r\n    $.getJSON('/run',\r\n\t  function(data) {\r\n\t    // do nothing\r\n\t    });\r\n\t  return false;\r\n  });\r\n});""]"
7720,7760,0,"[""$(function() {\r\n  $('a#test').bind('click', function() {\r\n    $.getJSON('/run',\r\n\t  function(data) {\r\n\t    // do nothing\r\n\t    });\r\n\t  return false;\r\n  });\r\n});""]","['{% extends \'base.html\' %}\n\n{% block title %}Home{% endblock %}\n{% block content %}\n<h1>TEST</h1>\n<form>\n  <button id=""test"" type=""button"" class=""btn btn-primary btn-lg"">Large button</button>\n</form>\n<script src=""""></script>\n<script type=""test/javascript"" src=""""></script>\n{% endblock %}']"
7760,7816,2,"['{% extends \'base.html\' %}\n\n{% block title %}Home{% endblock %}\n{% block content %}\n<h1>TEST</h1>\n<form>\n  <button id=""test"" type=""button"" class=""btn btn-primary btn-lg"">Large button</button>\n</form>\n<script src=""""></script>\n<script type=""test/javascript"" src=""""></script>\n{% endblock %}']","['            <a class=""nav-item nav-link active"" href=""#"">Chat <span class=""sr-only"">(current)</span></a>\r\n\t\t\t<a class=""nav-item nav-link"" href=""#"">Login</a>\r\n\t\t\t<a class=""nav-item nav-link"" href=""#"">Logout</a>\r\n          </div>\r\n\t\t</div>\r\n      </nav>\r\n\t  \r\n\t  <div class=""container"">\r\n\t    {% block content %}\r\n\t\t{% endblock %}\r\n      </div>\r\n\t  \r\n\t  <script src=""https://cdn.jsdeliver.net/npm/popper.js@1.16.0/dist/umd/popper.min.js"" integrety="""">\r\n\t  <script src=""https://stackpath.bootstreapcdn.com/bootstreap/4.4.1/js/bootstrap.min.js"" integrity="""">\r\n  </body>\r\n </html>']"
7816,8108,0,"['            <a class=""nav-item nav-link active"" href=""#"">Chat <span class=""sr-only"">(current)</span></a>\r\n\t\t\t<a class=""nav-item nav-link"" href=""#"">Login</a>\r\n\t\t\t<a class=""nav-item nav-link"" href=""#"">Logout</a>\r\n          </div>\r\n\t\t</div>\r\n      </nav>\r\n\t  \r\n\t  <div class=""container"">\r\n\t    {% block content %}\r\n\t\t{% endblock %}\r\n      </div>\r\n\t  \r\n\t  <script src=""https://cdn.jsdeliver.net/npm/popper.js@1.16.0/dist/umd/popper.min.js"" integrety="""">\r\n\t  <script src=""https://stackpath.bootstreapcdn.com/bootstreap/4.4.1/js/bootstrap.min.js"" integrity="""">\r\n  </body>\r\n </html>']","['from flask import Flask\n\nNAME_KEY = \'name\'\n\napp = Flask(__name__)\napp.secret_key = ""alajnmfeslkfmselfkm""\n\n@app.route(""/login"", methods=[""POST"",""GET""])\ndef login():\n  if request.method == ""POST"":\n    session[NAME_KEY] = request.form[""name""]\n    return redirect(url_for(""home""))\n  return render_template(""login.html"")\n\n@app.route(""/logout"")\ndef logout():\n  session.pop(NAME_KEY, None)\n  return redirect(url_for(""login""))\n\n']"
8108,8188,0,"['from flask import Flask\n\nNAME_KEY = \'name\'\n\napp = Flask(__name__)\napp.secret_key = ""alajnmfeslkfmselfkm""\n\n@app.route(""/login"", methods=[""POST"",""GET""])\ndef login():\n  if request.method == ""POST"":\n    session[NAME_KEY] = request.form[""name""]\n    return redirect(url_for(""home""))\n  return render_template(""login.html"")\n\n@app.route(""/logout"")\ndef logout():\n  session.pop(NAME_KEY, None)\n  return redirect(url_for(""login""))\n\n']","['{% extends \'base.html\' %}\n\n{% block title %}Login{% endblock %}\n{% block content %}\n<h1>TEST</h1>\n<form>\n  <button id=""test"" type=""button"" class=""btn btn-primary btn-lg"">Large Button</button>\n</form>\n<script src="""">\n<script type=""text/javascript"">\n{% endblock %}']"
8188,8291,0,"['{% extends \'base.html\' %}\n\n{% block title %}Login{% endblock %}\n{% block content %}\n<h1>TEST</h1>\n<form>\n  <button id=""test"" type=""button"" class=""btn btn-primary btn-lg"">Large Button</button>\n</form>\n<script src="""">\n<script type=""text/javascript"">\n{% endblock %}']","[""$.function() {\n           $('#test').bind('click, function() {\n             $.getJSON('/run',\n               function(data) {\n                 //do nothing\n               });\n               return False;\n              });\n            });\n\nfunction validate(name) {\n  if(name.length >= 2) {\n    return true\n  }\n  return false\n}""]"
8291,8328,0,"[""$.function() {\n           $('#test').bind('click, function() {\n             $.getJSON('/run',\n               function(data) {\n                 //do nothing\n               });\n               return False;\n              });\n            });\n\nfunction validate(name) {\n  if(name.length >= 2) {\n    return true\n  }\n  return false\n}""]",['']
8328,8495,0,[''],"['{% extends ""base.html"" %}\r\n\r\n{% block title %} Login {% endblock %}\r\n{% block content %}\r\n<form class=""form-inline"" method=""POST"">\r\n  <div class=""form-group mb-2>\r\n    <label for=""staticName2"" class=""sr=only"">Name</label>\r\n    <input type=""text"" readonly class=""form-control-plaintext"" id=""staticName2"" value=""Enter your Name"">\r\n  </div>\r\n  <div class=""form-group"">\r\n    <label for=""inputName"" class=""sr-only"">Name</label>\r\n    <input type=""text"" class=""form-control"" name=""inputName"">\r\n  </div>\r\n  <button type=""submit"" class=""btn btn-primary"">Submit</button>\r\n</form>\r\n\r\n<script type=""text/javascript"" src=""{{ url_for(\'static\', filename=\'index.js\') }}""></script>\r\n{% endblock %}']"
8495,8764,12,"['{% extends ""base.html"" %}\r\n\r\n{% block title %} Login {% endblock %}\r\n{% block content %}\r\n<form class=""form-inline"" method=""POST"">\r\n  <div class=""form-group mb-2>\r\n    <label for=""staticName2"" class=""sr=only"">Name</label>\r\n    <input type=""text"" readonly class=""form-control-plaintext"" id=""staticName2"" value=""Enter your Name"">\r\n  </div>\r\n  <div class=""form-group"">\r\n    <label for=""inputName"" class=""sr-only"">Name</label>\r\n    <input type=""text"" class=""form-control"" name=""inputName"">\r\n  </div>\r\n  <button type=""submit"" class=""btn btn-primary"">Submit</button>\r\n</form>\r\n\r\n<script type=""text/javascript"" src=""{{ url_for(\'static\', filename=\'index.js\') }}""></script>\r\n{% endblock %}']","['{% block title %} Login {% endblock %}\n{% block content %}\n<form class=""form-inline"" action=""#"" method=""POST"">\n  <div class=""form-group mb-2>\n    <label for=""staticName2"" class=""sr=only"">Name</label>\n    <input type=""text"" readonly class=""form-control-plaintext"" id=""staticName2"" value=""Enter your Name"">\n  </div>\n  <div class=""form-group"">\n    <label for=""inputName"" class=""sr-only"">Name</label>\n    <input type=""text"" class=""form-control"" name=""inputName"">\n  </div>\n  <button type=""submit"" class=""btn btn-primary"">Submit</button>\n</form>']"
8764,8942,0,"['{% block title %} Login {% endblock %}\n{% block content %}\n<form class=""form-inline"" action=""#"" method=""POST"">\n  <div class=""form-group mb-2>\n    <label for=""staticName2"" class=""sr=only"">Name</label>\n    <input type=""text"" readonly class=""form-control-plaintext"" id=""staticName2"" value=""Enter your Name"">\n  </div>\n  <div class=""form-group"">\n    <label for=""inputName"" class=""sr-only"">Name</label>\n    <input type=""text"" class=""form-control"" name=""inputName"">\n  </div>\n  <button type=""submit"" class=""btn btn-primary"">Submit</button>\n</form>']","[""$(function() {\r\n  $('a#test').bind('click', function() {\r\n    $.getJSON('/run', \r\n\t  function(data) {\r\n\t    // do nothing\r\n\t  });\r\n\treturn false;\r\n\t});\r\n});""]"
8942,9023,0,"[""$(function() {\r\n  $('a#test').bind('click', function() {\r\n    $.getJSON('/run', \r\n\t  function(data) {\r\n\t    // do nothing\r\n\t  });\r\n\treturn false;\r\n\t});\r\n});""]","['<body>\n  <nav class=""navbar navbar-expand-lg navbar-light bg-light"">\n    <h1 class=""navbar-brand"" href=""#"">CHAT APP</h1>\n    <div class=""navbar-nav"">\n      <a class=""nav-item nav-link active"" href=""#"">Chat</a>\n      <a class=""nav-item nav-link"" href=""#"">Login</a>\n      <a class=""nav-item nav-link"" href=""#"">Logout</a>\n    </div>\n  </nav>\n\n  <div class=""container"">\n    {% block content %}\n    {% endblock %}\n  </div>\n\n\n</body>']"
9023,9066,12,"['<body>\n  <nav class=""navbar navbar-expand-lg navbar-light bg-light"">\n    <h1 class=""navbar-brand"" href=""#"">CHAT APP</h1>\n    <div class=""navbar-nav"">\n      <a class=""nav-item nav-link active"" href=""#"">Chat</a>\n      <a class=""nav-item nav-link"" href=""#"">Login</a>\n      <a class=""nav-item nav-link"" href=""#"">Logout</a>\n    </div>\n  </nav>\n\n  <div class=""container"">\n    {% block content %}\n    {% endblock %}\n  </div>\n\n\n</body>']","['<body>\n  <nav class=""navbar navbar-expand-lg navbar-light bg-light"">\n    <a class=""navbar-brand"" href=""#"">Navbar</a>\n    <div class=""collapse navbar-collapse"" id=""navbarNav"">\n      <ul clas=""navbar-nav"">\n        <li class=""nav-item active"">\n          <a class=""nav-item nav-link active"" href=""#"">Chat</a>\n        </li>\n        <li class=""nav-item"">\n          <a class=""nav-item nav-link"" href=""#"">Login</a>\n        </li>\n        <li class=""nav-item"">\n          <a class=""nav-item nav-link"" href=""#"">Logout</a>\n        </li>\n      </ul>\n    </div>\n  </nav>\n\n  <div class=""container"">\n    {% block content %}\n    {% endblock %}\n  </div>\n\n\n</body>']"
9066,9182,19,"['<body>\n  <nav class=""navbar navbar-expand-lg navbar-light bg-light"">\n    <a class=""navbar-brand"" href=""#"">Navbar</a>\n    <div class=""collapse navbar-collapse"" id=""navbarNav"">\n      <ul clas=""navbar-nav"">\n        <li class=""nav-item active"">\n          <a class=""nav-item nav-link active"" href=""#"">Chat</a>\n        </li>\n        <li class=""nav-item"">\n          <a class=""nav-item nav-link"" href=""#"">Login</a>\n        </li>\n        <li class=""nav-item"">\n          <a class=""nav-item nav-link"" href=""#"">Logout</a>\n        </li>\n      </ul>\n    </div>\n  </nav>\n\n  <div class=""container"">\n    {% block content %}\n    {% endblock %}\n  </div>\n\n\n</body>']","['<body>\n  <nav class=""navbar navbar-expand-lg navbar-light bg-light"">\n    <a class=""navbar-brand"" href=""#"">Navbar</a>\n    <div class=""collapse navbar-collapse"" id=""navbarNav"">\n      <ul clas=""navbar-nav"">\n        <li class=""nav-item active"">\n          <a class=""nav-item nav-link active"" href=""#"">Chat</a>\n        </li>\n        <li class=""nav-item"">\n          <a class=""nav-item nav-link"" href=""#"">Login</a>\n        </li>\n        <li class=""nav-item"">\n          <a class=""nav-item nav-link"" href=""#"">Logout</a>\n        </li>\n      </ul>\n    </div>\n  </nav>\n']"
9182,9424,5,"['<body>\n  <nav class=""navbar navbar-expand-lg navbar-light bg-light"">\n    <a class=""navbar-brand"" href=""#"">Navbar</a>\n    <div class=""collapse navbar-collapse"" id=""navbarNav"">\n      <ul clas=""navbar-nav"">\n        <li class=""nav-item active"">\n          <a class=""nav-item nav-link active"" href=""#"">Chat</a>\n        </li>\n        <li class=""nav-item"">\n          <a class=""nav-item nav-link"" href=""#"">Login</a>\n        </li>\n        <li class=""nav-item"">\n          <a class=""nav-item nav-link"" href=""#"">Logout</a>\n        </li>\n      </ul>\n    </div>\n  </nav>\n']","['  <button class=""navbar-toggler"" type-""button"" data-toggle=""collapse"" data-target=""#navbarNavAltMarkup"">\r\n    <span class=""navbar-toggler-icon""></span>\r\n  </button>\r\n  <div class=""collapse navbar-collapse"" id=""navbarNavAltMarkup"">  \r\n\t<div class=""navbar-nav"">  \r\n\t  <a class=""nav -item nav-link"" href=""/home"">Chat <span class=""sr-only"">(current)</span></a>\r\n\t  <a class=""nav -item nav-link"" href=""/login"">Login</a>\r\n\t  <a class=""nav -item nav-link"" href=""/logout"">Logout</a>\r\n\t</div>\r\n  </div>\r\n</nav>\r\n\r\n{% block message %}\r\n{% endblock %}\r\n\r\n<div class=""container"">\r\n  {% block content %}\r\n  {% endblock %}\r\n</div>']"
9424,9536,17,"['  <button class=""navbar-toggler"" type-""button"" data-toggle=""collapse"" data-target=""#navbarNavAltMarkup"">\r\n    <span class=""navbar-toggler-icon""></span>\r\n  </button>\r\n  <div class=""collapse navbar-collapse"" id=""navbarNavAltMarkup"">  \r\n\t<div class=""navbar-nav"">  \r\n\t  <a class=""nav -item nav-link"" href=""/home"">Chat <span class=""sr-only"">(current)</span></a>\r\n\t  <a class=""nav -item nav-link"" href=""/login"">Login</a>\r\n\t  <a class=""nav -item nav-link"" href=""/logout"">Logout</a>\r\n\t</div>\r\n  </div>\r\n</nav>\r\n\r\n{% block message %}\r\n{% endblock %}\r\n\r\n<div class=""container"">\r\n  {% block content %}\r\n  {% endblock %}\r\n</div>']","['  <button class=""navbar-toggler"" type-""button"" data-toggle=""collapse"" data-target=""#navbarNavAltMarkup"">\r\n    <span class=""navbar-toggler-icon""></span>\r\n  </button>\r\n  <div class=""collapse navbar-collapse"" id=""navbarNavAltMarkup"">  \r\n\t<div class=""navbar-nav"">  \r\n\t  <a class=""nav -item nav-link"" href=""/home"">Chat <span class=""sr-only"">(current)</span></a>\r\n\t  <a class=""nav -item nav-link"" href=""/login"">Login</a>\r\n\t  <a class=""nav -item nav-link"" href=""/logout"">Logout</a>\r\n\t</div>\r\n  </div>\r\n</nav>\r\n\r\n<div class=""alert alert-dark"" role=""alert"">\r\n  {% block messageGrey %}\r\n  {% endblock %}\r\n</div>\r\n<div class=""alert alert-success"" role=""alert"">\r\n  {% endblock %}\r\n</div>\r\n\r\n<div class=""container"">\r\n  {% block content %}\r\n  {% endblock %}\r\n</div>']"
9536,9659,0,"['  <button class=""navbar-toggler"" type-""button"" data-toggle=""collapse"" data-target=""#navbarNavAltMarkup"">\r\n    <span class=""navbar-toggler-icon""></span>\r\n  </button>\r\n  <div class=""collapse navbar-collapse"" id=""navbarNavAltMarkup"">  \r\n\t<div class=""navbar-nav"">  \r\n\t  <a class=""nav -item nav-link"" href=""/home"">Chat <span class=""sr-only"">(current)</span></a>\r\n\t  <a class=""nav -item nav-link"" href=""/login"">Login</a>\r\n\t  <a class=""nav -item nav-link"" href=""/logout"">Logout</a>\r\n\t</div>\r\n  </div>\r\n</nav>\r\n\r\n<div class=""alert alert-dark"" role=""alert"">\r\n  {% block messageGrey %}\r\n  {% endblock %}\r\n</div>\r\n<div class=""alert alert-success"" role=""alert"">\r\n  {% endblock %}\r\n</div>\r\n\r\n<div class=""container"">\r\n  {% block content %}\r\n  {% endblock %}\r\n</div>']","['@app.route(""/login"", methods=[""POST"", ""GET])\r\ndef login():\r\n  if request.method == ""POST"":\r\n    session[NAME_KEY] = request.form[""inputName""]\r\n\treturn redirect(url_for(""home""))\r\n  return render_template(""login.html"", {""session"":""session""})\r\n  \r\n@app.route(""/logout"")\r\ndef logout():\r\n  session.pop(NAME_KEY, None)\r\n  return redirect(url_for(""login""))\r\n  \r\n@app.route(""/"")\r\n@app.route(""/home"")\r\ndef home():\r\n  if NAME_KEY not in session:\r\n    return redirect(url_for(""login))\r\n  return render_template(""index.html"", {""login"":True, ""session"":session})']"
9659,9755,0,"['@app.route(""/login"", methods=[""POST"", ""GET])\r\ndef login():\r\n  if request.method == ""POST"":\r\n    session[NAME_KEY] = request.form[""inputName""]\r\n\treturn redirect(url_for(""home""))\r\n  return render_template(""login.html"", {""session"":""session""})\r\n  \r\n@app.route(""/logout"")\r\ndef logout():\r\n  session.pop(NAME_KEY, None)\r\n  return redirect(url_for(""login""))\r\n  \r\n@app.route(""/"")\r\n@app.route(""/home"")\r\ndef home():\r\n  if NAME_KEY not in session:\r\n    return redirect(url_for(""login))\r\n  return render_template(""index.html"", {""login"":True, ""session"":session})']","['{% extends ""base.html"" %}\r\n\r\n{% block title %}Login{% endblock %}\r\n{% block messageGrey %}\r\n{{session[""name""] logged out!}}\r\n{% endblock %}\r\n\r\n{% block content %}\r\n\t<form class=""form-inline"" action=""#"" method=""POST"">\r\n\t  <div class=""form-group mb-2>\r\n\t\t<label for=""staticName2"" class=""sr=only"">Name</label>\r\n\t\t<input type=""text"" readonly class=""form-control-plaintext"" id=""staticName2"" value=""Enter your Name"">\r\n\t  </div>\r\n\t  <div class=""form-group"">\r\n\t\t<label for=""inputName"" class=""sr-only"">Name</label>\r\n\t\t<input type=""text"" class=""form-control"" name=""inputName"">\r\n\t  </div>\r\n\t  <button type=""submit"" class=""btn btn-primary"">Submit</button>\r\n\t</form>\r\n\r\n{% endblock %}']"
9755,9804,0,"['{% extends ""base.html"" %}\r\n\r\n{% block title %}Login{% endblock %}\r\n{% block messageGrey %}\r\n{{session[""name""] logged out!}}\r\n{% endblock %}\r\n\r\n{% block content %}\r\n\t<form class=""form-inline"" action=""#"" method=""POST"">\r\n\t  <div class=""form-group mb-2>\r\n\t\t<label for=""staticName2"" class=""sr=only"">Name</label>\r\n\t\t<input type=""text"" readonly class=""form-control-plaintext"" id=""staticName2"" value=""Enter your Name"">\r\n\t  </div>\r\n\t  <div class=""form-group"">\r\n\t\t<label for=""inputName"" class=""sr-only"">Name</label>\r\n\t\t<input type=""text"" class=""form-control"" name=""inputName"">\r\n\t  </div>\r\n\t  <button type=""submit"" class=""btn btn-primary"">Submit</button>\r\n\t</form>\r\n\r\n{% endblock %}']","['@app.route(""/login"", methods=[""POST"", ""GET])\r\ndef login():\r\n  if request.method == ""POST"":\r\n    session[NAME_KEY] = request.form[""inputName""]\r\n\treturn redirect(url_for(""home""))\r\n  return render_template(""login.html"", **{""session"":""session""})\r\n  \r\n@app.route(""/logout"")\r\ndef logout():\r\n  session.pop(NAME_KEY, None)\r\n  return redirect(url_for(""login""))\r\n  \r\n@app.route(""/"")\r\n@app.route(""/home"")\r\ndef home():\r\n  if NAME_KEY not in session:\r\n    return redirect(url_for(""login))\r\n  return render_template(""index.html"", {""login"":True, ""session"":session})']"
9804,9825,0,"['@app.route(""/login"", methods=[""POST"", ""GET])\r\ndef login():\r\n  if request.method == ""POST"":\r\n    session[NAME_KEY] = request.form[""inputName""]\r\n\treturn redirect(url_for(""home""))\r\n  return render_template(""login.html"", **{""session"":""session""})\r\n  \r\n@app.route(""/logout"")\r\ndef logout():\r\n  session.pop(NAME_KEY, None)\r\n  return redirect(url_for(""login""))\r\n  \r\n@app.route(""/"")\r\n@app.route(""/home"")\r\ndef home():\r\n  if NAME_KEY not in session:\r\n    return redirect(url_for(""login))\r\n  return render_template(""index.html"", {""login"":True, ""session"":session})']","['{% extends ""base.html"" %}\r\n\r\n{% block title %}Login{% endblock %}\r\n{% block messageGrey %}\r\n{{session[""name""] logged out!}}\r\n{% endblock %}\r\n\r\n{% block content %}\r\n\t<form class=""form-inline"" action=""#"" method=""POST"">\r\n\t  <div class=""form-group mb-2>\r\n\t\t<label for=""staticName2"" class=""sr=only"">Name</label>\r\n\t\t<input type=""text"" readonly class=""form-control-plaintext"" id=""staticName2"" value=""Enter your Name"">\r\n\t  </div>\r\n\t  <div class=""form-group"">\r\n\t\t<label for=""inputName"" class=""sr-only"">Name</label>\r\n\t\t<input type=""text"" class=""form-control"" name=""inputName"">\r\n\t  </div>\r\n\t  <button type=""submit"" class=""btn btn-primary"">Submit</button>\r\n\t</form>\r\n\r\n{% endblock %}']"
9825,10192,7,"['{% extends ""base.html"" %}\r\n\r\n{% block title %}Login{% endblock %}\r\n{% block messageGrey %}\r\n{{session[""name""] logged out!}}\r\n{% endblock %}\r\n\r\n{% block content %}\r\n\t<form class=""form-inline"" action=""#"" method=""POST"">\r\n\t  <div class=""form-group mb-2>\r\n\t\t<label for=""staticName2"" class=""sr=only"">Name</label>\r\n\t\t<input type=""text"" readonly class=""form-control-plaintext"" id=""staticName2"" value=""Enter your Name"">\r\n\t  </div>\r\n\t  <div class=""form-group"">\r\n\t\t<label for=""inputName"" class=""sr-only"">Name</label>\r\n\t\t<input type=""text"" class=""form-control"" name=""inputName"">\r\n\t  </div>\r\n\t  <button type=""submit"" class=""btn btn-primary"">Submit</button>\r\n\t</form>\r\n\r\n{% endblock %}']","['{% extends ""base.html"" %}\n\n{% block title %}Home{% endblock %}\n{% block content %}\n\n<h1>TEST</h1>\n\n<div class=""input-group mb-3"">\n  <input type=""text"" class=""form-control"">\n  <div class=""input-group-append"">\n    <button class=""btn btn-outline-primary"" type=""button"">Button</button>\n  </div>\n</div>\n\n{% endblock %}']"
10192,10314,0,"['{% extends ""base.html"" %}\n\n{% block title %}Home{% endblock %}\n{% block content %}\n\n<h1>TEST</h1>\n\n<div class=""input-group mb-3"">\n  <input type=""text"" class=""form-control"">\n  <div class=""input-group-append"">\n    <button class=""btn btn-outline-primary"" type=""button"">Button</button>\n  </div>\n</div>\n\n{% endblock %}']","['$(function() {\r\n  $(\'sendBtn\').bind(\'click\', function() {\r\n    $.getJSON(\'/run\',\r\n\t  function(data) {\r\n\t    value = document.getElementByID(""msg"")\r\n\t  });\r\n\treturn false;\r\n  });\r\n});\r\n\r\nfunction validate(name) {\r\n  if(name.length >= 2) {\r\n    return true;\r\n  }\r\n  return false;\r\n}']"
10314,10337,15,"['$(function() {\r\n  $(\'sendBtn\').bind(\'click\', function() {\r\n    $.getJSON(\'/run\',\r\n\t  function(data) {\r\n\t    value = document.getElementByID(""msg"")\r\n\t  });\r\n\treturn false;\r\n  });\r\n});\r\n\r\nfunction validate(name) {\r\n  if(name.length >= 2) {\r\n    return true;\r\n  }\r\n  return false;\r\n}']","['$(function() {\r\n  $(\'sendBtn\').bind(\'click\', function() {\r\n    $.getJSON(\'/run\',\r\n\t  function(data) {\r\n\t    value = document.getElementByID(""msg"")\r\n\t  });\r\n\treturn false;\r\n  });\r\n});\r\n\r\nfunction validate(name) {\r\n  if(name.length >= 2) {\r\n    return true;\r\n  }\r\n  return false;\r\n}']"
10337,10425,15,"['$(function() {\r\n  $(\'sendBtn\').bind(\'click\', function() {\r\n    $.getJSON(\'/run\',\r\n\t  function(data) {\r\n\t    value = document.getElementByID(""msg"")\r\n\t  });\r\n\treturn false;\r\n  });\r\n});\r\n\r\nfunction validate(name) {\r\n  if(name.length >= 2) {\r\n    return true;\r\n  }\r\n  return false;\r\n}']","['$(function() {\r\n  $(\'sendBtn\').bind(\'click\', function() {\r\n    $.getJSON(\'/run\',\r\n\t  function(data) {\r\n\t    value = document.getElementByID(""msg"")\r\n\t  });\r\n\treturn false;\r\n  });\r\n});\r\n\r\nfunction validate(name) {\r\n  if(name.length >= 2) {\r\n    return true;\r\n  }\r\n  return false;\r\n}']"
10425,10667,0,"['$(function() {\r\n  $(\'sendBtn\').bind(\'click\', function() {\r\n    $.getJSON(\'/run\',\r\n\t  function(data) {\r\n\t    value = document.getElementByID(""msg"")\r\n\t  });\r\n\treturn false;\r\n  });\r\n});\r\n\r\nfunction validate(name) {\r\n  if(name.length >= 2) {\r\n    return true;\r\n  }\r\n  return false;\r\n}']","['type=""button"" id=""sendBtn"">Send</button>']"
10667,10755,0,"['type=""button"" id=""sendBtn"">Send</button>']","['{% extends ""base.html"" %}\n\n{% block title %}Home{% endblock %}\n{% block content %}\n\n<h1>TEST</h1>\n\n<div class=""input-group mb-3"">\n  <form>\n    <input type=""text"" class=""form-control"">\n    <div class=""input-group-append"">\n      <button class=""btn btn-outline-primary"" type=""button"">Button</button>\n    </div>\n  </form>\n</div>\n\n{% endblock %}']"
10755,10888,4,"['{% extends ""base.html"" %}\n\n{% block title %}Home{% endblock %}\n{% block content %}\n\n<h1>TEST</h1>\n\n<div class=""input-group mb-3"">\n  <form>\n    <input type=""text"" class=""form-control"">\n    <div class=""input-group-append"">\n      <button class=""btn btn-outline-primary"" type=""button"">Button</button>\n    </div>\n  </form>\n</div>\n\n{% endblock %}']","['  <div class=""container"">\n    {% block content %}\n    {% endblock %}\n  </div>\n\n  <script src=""""></script>\n  <script src=""""></script>\n  <script src=""""></script>\n</body>']"
10888,10945,8,"['  <div class=""container"">\n    {% block content %}\n    {% endblock %}\n  </div>\n\n  <script src=""""></script>\n  <script src=""""></script>\n  <script src=""""></script>\n</body>']","['  <div class=""container"">\n    {% block content %}\n    {% endblock %}\n  </div>\n\n  <script src=""""></script>\n  <script src=""""></script>\n  <script src=""""></script>\n  <script src=""""></script>\n</body>']"
10945,11247,0,"['  <div class=""container"">\n    {% block content %}\n    {% endblock %}\n  </div>\n\n  <script src=""""></script>\n  <script src=""""></script>\n  <script src=""""></script>\n  <script src=""""></script>\n</body>']","['$.function() {\n           $(\'#sendBtn\').bind(\'click, function() {\n             var value = document.getElementById(""msg"").value()\n             console.log(value)\n             $.getJSON(\'/run\',\n               function(data) {\n                 //do nothing\n               });\n               return False;\n              });\n            });\n\nfunction validate(name) {\n  if(name.length >= 2) {\n    return true\n  }\n  return false\n}']"
11247,11622,0,"['$.function() {\n           $(\'#sendBtn\').bind(\'click, function() {\n             var value = document.getElementById(""msg"").value()\n             console.log(value)\n             $.getJSON(\'/run\',\n               function(data) {\n                 //do nothing\n               });\n               return False;\n              });\n            });\n\nfunction validate(name) {\n  if(name.length >= 2) {\n    return true\n  }\n  return false\n}']","['@app.route(""/"")\r\n@app.route(""/home"")\r\ndef home():\r\n  if NAME_KEY not in session:\r\n    return redirect(url_for(""login""))\r\n  return render_template(""index.html, **{""login"":True})\r\n  \r\n@app.route(""/run/"", methods=[""GET""])\r\ndef run(url=None):\r\n  msg = request.args.get(""val"")\r\n  print(msg)\r\n  return ""none""\r\n']"
11622,11747,7,"['@app.route(""/"")\r\n@app.route(""/home"")\r\ndef home():\r\n  if NAME_KEY not in session:\r\n    return redirect(url_for(""login""))\r\n  return render_template(""index.html, **{""login"":True})\r\n  \r\n@app.route(""/run/"", methods=[""GET""])\r\ndef run(url=None):\r\n  msg = request.args.get(""val"")\r\n  print(msg)\r\n  return ""none""\r\n']","['@app.route(\'/home\')\ndef home():\n  if NAME_KEY not in session:\n    return redirect(url_for(\'login\'))\n  \n  client = Client(session[NAME_KEY])\n  session[""client""] = client\n  return render_template(""index.html"", **[\'login\':True, ""session"":session})\n\n@app.route(""/run/"", methods=[""GET""]):\ndef run(url=None):\n  msg = request.args.get(""url"")\n  if ""client"" not in session:\n    return ""none""']"
11747,11786,10,"['@app.route(\'/home\')\ndef home():\n  if NAME_KEY not in session:\n    return redirect(url_for(\'login\'))\n  \n  client = Client(session[NAME_KEY])\n  session[""client""] = client\n  return render_template(""index.html"", **[\'login\':True, ""session"":session})\n\n@app.route(""/run/"", methods=[""GET""]):\ndef run(url=None):\n  msg = request.args.get(""url"")\n  if ""client"" not in session:\n    return ""none""']","['@app.route(""/"")\r\n@app.route(""/home"")\r\ndef home():\r\n  if NAME_KEY not in session:\r\n    return redirect(url_for(""login""))\r\n\t\r\n  client = Client(session[NAME_KEY])\r\n  session[""client""] = client\r\n  return render_template(""index.html, **{""login"":True})\r\n  \r\n@app.route(""/run/"", methods=[""GET""])\r\ndef run(url=None):\r\n  msg = request.args.get(""val"")\r\n  if ""client"" not in session:\r\n    return ""none""\r\n  session[""client""].send_message(msg)\r\n']"
11786,11919,8,"['@app.route(""/"")\r\n@app.route(""/home"")\r\ndef home():\r\n  if NAME_KEY not in session:\r\n    return redirect(url_for(""login""))\r\n\t\r\n  client = Client(session[NAME_KEY])\r\n  session[""client""] = client\r\n  return render_template(""index.html, **{""login"":True})\r\n  \r\n@app.route(""/run/"", methods=[""GET""])\r\ndef run(url=None):\r\n  msg = request.args.get(""val"")\r\n  if ""client"" not in session:\r\n    return ""none""\r\n  session[""client""].send_message(msg)\r\n']","['@app.route(\'/home\')\ndef home():\n  if NAME_KEY not in session:\n    return redirect(url_for(\'login\'))\n  \n  client = Client(session[NAME_KEY])\n  return render_template(""index.html"", **[\'login\':True, ""session"":session})\n\n@app.route(""/run/"", methods=[""GET""]):\ndef run(url=None):\n  msg = request.args.get(""val"")\n  if client != None:\n    client.send_message(msg)\n\n  return ""none""\n\nif __name__ == ""__main__"":\n  app.run(debug=True)']"
11919,11984,8,"['@app.route(\'/home\')\ndef home():\n  if NAME_KEY not in session:\n    return redirect(url_for(\'login\'))\n  \n  client = Client(session[NAME_KEY])\n  return render_template(""index.html"", **[\'login\':True, ""session"":session})\n\n@app.route(""/run/"", methods=[""GET""]):\ndef run(url=None):\n  msg = request.args.get(""val"")\n  if client != None:\n    client.send_message(msg)\n\n  return ""none""\n\nif __name__ == ""__main__"":\n  app.run(debug=True)']","['@app.route(""/run/"", methods=[""GET""])\r\ndef run(url=None):\r\n  global client\r\n  \r\n  msg = request.args.get(""val"")\r\n  if ""client"" != None:\r\n    client.send_message(msg)\r\n  return ""None""\r\n  \r\n\r\nif __name__ == ""__main__"":\r\n  app.run(debug=True)\r\n']"
11984,12128,1,"['@app.route(""/run/"", methods=[""GET""])\r\ndef run(url=None):\r\n  global client\r\n  \r\n  msg = request.args.get(""val"")\r\n  if ""client"" != None:\r\n    client.send_message(msg)\r\n  return ""None""\r\n  \r\n\r\nif __name__ == ""__main__"":\r\n  app.run(debug=True)\r\n']","['NAME_KEY = \'name\'\nclient = None\napp = Flask(__name__)\napp.secret_key = ""kjawndkajnwdka""\n\ndef disconnect():\n  global client\n  if client:\n    client.disconnect()\n\n@app.route(""/login"", methods=[""POST"",""GET""])\ndef login():\n  disconnect()\n  if request.method == ""POST"":\n    session[NAME_KEY] = request.formn[""inputName""]\n    return redirect(url_for(""home""))']"
12128,12496,0,"['NAME_KEY = \'name\'\nclient = None\napp = Flask(__name__)\napp.secret_key = ""kjawndkajnwdka""\n\ndef disconnect():\n  global client\n  if client:\n    client.disconnect()\n\n@app.route(""/login"", methods=[""POST"",""GET""])\ndef login():\n  disconnect()\n  if request.method == ""POST"":\n    session[NAME_KEY] = request.formn[""inputName""]\n    return redirect(url_for(""home""))']","['msgs = []\nrun = True\nwhile run:\n  time.sleep(0.1)\n  if not client: continue\n  new_messages = client.get_messages()\n  msgs.extend(new_messages)\n \n  for msg in new_messages:\n    print(msg)\n\n    if msg == ""[quit]"":\n      run = False\n      break\n\nif __name__ == ""__main__"":\n  app.run(debug==True)\n  Thread(target=update_messages).start()']"
12496,12688,0,"['msgs = []\nrun = True\nwhile run:\n  time.sleep(0.1)\n  if not client: continue\n  new_messages = client.get_messages()\n  msgs.extend(new_messages)\n \n  for msg in new_messages:\n    print(msg)\n\n    if msg == ""[quit]"":\n      run = False\n      break\n\nif __name__ == ""__main__"":\n  app.run(debug==True)\n  Thread(target=update_messages).start()']","['$.function() {\r\n           $(\'#sendBtn\').bind(\'click, function() {\r\n             var value = document.getElementById(""msg"").value()\r\n             console.log(value)\r\n             $.getJSON(\'/send_message\',\r\n               function(data) {\r\n                 \r\n               });\r\n             return false;\r\n            });\r\n          });\r\n\r\nfunction validate(name) {\r\n  if(name.length >= 2) {\r\n    return true\r\n  }\r\n  return false\r\n}']"
12688,12837,0,"['$.function() {\r\n           $(\'#sendBtn\').bind(\'click, function() {\r\n             var value = document.getElementById(""msg"").value()\r\n             console.log(value)\r\n             $.getJSON(\'/send_message\',\r\n               function(data) {\r\n                 \r\n               });\r\n             return false;\r\n            });\r\n          });\r\n\r\nfunction validate(name) {\r\n  if(name.length >= 2) {\r\n    return true\r\n  }\r\n  return false\r\n}']","['@app.route(""/get_messages"")\ndef get_messages():\n  return jsonify({""messages"": messages})']"
12837,13003,0,"['@app.route(""/get_messages"")\ndef get_messages():\n  return jsonify({""messages"": messages})']","['function validate(name) {\n  if (name.length >= 2) {\n    return True;\n  }\n  return False;\n}\n\nfetch(""/get_messages"")\n  .then(function (resposne) {\n    return response.text();\n  }).then(function (text) {\n      console.log(""GET response text:"");\n      console.log(text);\n  }};']"
13003,13084,7,"['function validate(name) {\n  if (name.length >= 2) {\n    return True;\n  }\n  return False;\n}\n\nfetch(""/get_messages"")\n  .then(function (resposne) {\n    return response.text();\n  }).then(function (text) {\n      console.log(""GET response text:"");\n      console.log(text);\n  }};']","['      {val:value}\n      function(data)\n      });\n  fetch(""/get_messages"")\n    .then(function (resposne) {\n      return response.text();\n    }).then(function (text) {\n        console.log(""GET response text:"");\n        console.log(text);\n    }};']"
13084,13214,0,"['      {val:value}\n      function(data)\n      });\n  fetch(""/get_messages"")\n    .then(function (resposne) {\n      return response.text();\n    }).then(function (text) {\n        console.log(""GET response text:"");\n        console.log(text);\n    }};']","['@app.route(""/send_message"", methods=[""GET""])\ndef send_message():\n  global client\n  msg = request.args.get(""val"")\n\n  if client:\n    client.send_message(msg)\n\n  return ""none""']"
13214,13436,0,"['@app.route(""/send_message"", methods=[""GET""])\ndef send_message():\n  global client\n  msg = request.args.get(""val"")\n\n  if client:\n    client.send_message(msg)\n\n  return ""none""']","['  for msg in new_messages:\n    print(msg)\n    if msg == ""{quit}"":\n      run = False\n      break\n\nif __name__ == ""__main__"":\n  Thread(target=update_messages).start()\n  app.run(debug=True)']"
13436,13755,0,"['  for msg in new_messages:\n    print(msg)\n    if msg == ""{quit}"":\n      run = False\n      break\n\nif __name__ == ""__main__"":\n  Thread(target=update_messages).start()\n  app.run(debug=True)']","['window.addEventListener(""load"", function(){\n  var update_loop = setInterval(update,100)\n  update()\n});\n\nfunction update(){\n  fetch(""/get_messages"")\n    .then(function (resposne) {\n      return response.text();\n    }).then(function (text) {\n        console.log(""GET response text:"");\n        console.log(text);\n    }};']"
13755,13915,0,"['window.addEventListener(""load"", function(){\n  var update_loop = setInterval(update,100)\n  update()\n});\n\nfunction update(){\n  fetch(""/get_messages"")\n    .then(function (resposne) {\n      return response.text();\n    }).then(function (text) {\n        console.log(""GET response text:"");\n        console.log(text);\n    }};']","['def send_message(self, msg):\n  try: \n    self.client_socket.send(bytes(msg, ""utf8""))\n    if msg == ""{quit}"":\n      self.client_socket.close()\n  except Exception as e:\n    self.client_socket = socket(AF_INET, SOCK_STREAM)\n    self.client_socket.connect(self.ADDR)\n    print(e)']"
13915,14009,0,"['def send_message(self, msg):\n  try: \n    self.client_socket.send(bytes(msg, ""utf8""))\n    if msg == ""{quit}"":\n      self.client_socket.close()\n  except Exception as e:\n    self.client_socket = socket(AF_INET, SOCK_STREAM)\n    self.client_socket.connect(self.ADDR)\n    print(e)']","['function update(){\n  fetch(""/get_messages"")\n    .then(function (resposne) {\n      return response.text();\n    }).then(function (text) {\n        console.log(""GET response text:"");\n        document.getElementById(""test"").innerHTML = text\n    }};\n    return False\n};']"
14009,14081,5,"['function update(){\n  fetch(""/get_messages"")\n    .then(function (resposne) {\n      return response.text();\n    }).then(function (text) {\n        console.log(""GET response text:"");\n        document.getElementById(""test"").innerHTML = text\n    }};\n    return False\n};']","['update(){\r\n  \'/get_messages\')\r\n  .then(function (response) {\r\n    return response.text();\r\n  }).then(function(text) {\r\n    document.getElementById(""test"").innerText = text;\r\n  }};\r\n  return false;\r\n}']"
14081,14083,9,"['update(){\r\n  \'/get_messages\')\r\n  .then(function (response) {\r\n    return response.text();\r\n  }).then(function(text) {\r\n    document.getElementById(""test"").innerText = text;\r\n  }};\r\n  return false;\r\n}']","['update(){\r\n  \'/get_messages\')\r\n  .then(function (response) {\r\n    return response.text();\r\n  }).then(function(text) {\r\n    document.getElementById(""test"").innerText = text;\r\n  }};\r\n  return false;\r\n}']"
14083,14582,1,"['update(){\r\n  \'/get_messages\')\r\n  .then(function (response) {\r\n    return response.text();\r\n  }).then(function(text) {\r\n    document.getElementById(""test"").innerText = text;\r\n  }};\r\n  return false;\r\n}']","[""$(function() {\n  $('#sendBtn').bind('click', function() {\n    var msg = document.getElementById('msg)\n    var value = msg.value\n    msg.value = ''\n    \n    $.getJSON('/send_message',\n      {val:value},\n      function(data) {\n\n      });\n});\n}""]"
14582,14582,11,"[""$(function() {\n  $('#sendBtn').bind('click', function() {\n    var msg = document.getElementById('msg)\n    var value = msg.value\n    msg.value = ''\n    \n    $.getJSON('/send_message',\n      {val:value},\n      function(data) {\n\n      });\n});\n}""]","[""$(function() {\r\n  $('#sendBtn').bind('click', function() {\r\n    var msg = document.getElementById('msg)\r\n    var value = msg.value\r\n    msg.value = ''\r\n    \r\n    $.getJSON('/send_message',\r\n      {val:value},\r\n      function(data) {\r\n\r\n      });\r\n});\r\n}""]"
14582,14726,11,"[""$(function() {\r\n  $('#sendBtn').bind('click', function() {\r\n    var msg = document.getElementById('msg)\r\n    var value = msg.value\r\n    msg.value = ''\r\n    \r\n    $.getJSON('/send_message',\r\n      {val:value},\r\n      function(data) {\r\n\r\n      });\r\n});\r\n}""]","[""$(function() {\n  $('#sendBtn').bind('click', function() {\n    var msg = document.getElementById('msg)\n    var value = msg.value\n    msg.value = ''\n    \n    $.getJSON('/send_message',\n      {val:value},\n      function(data) {\n\n      });\n});\n}""]"
14726,15048,3,"[""$(function() {\n  $('#sendBtn').bind('click', function() {\n    var msg = document.getElementById('msg)\n    var value = msg.value\n    msg.value = ''\n    \n    $.getJSON('/send_message',\n      {val:value},\n      function(data) {\n\n      });\n});\n}""]","['window.onload = function (){\n  var update_loop = setInterval(update, 100)\n  var test = document.getElementById(""test"")\n  console.log(test.innerHTML)\n  update()\n};\n\nfunction update(){\n  fetch(\'/get_messages\')\n    .then(function (text) {\n      document.getElementById(""test"").textContent\n     });\n  return false;\n}']"
15048,15167,13,"['window.onload = function (){\n  var update_loop = setInterval(update, 100)\n  var test = document.getElementById(""test"")\n  console.log(test.innerHTML)\n  update()\n};\n\nfunction update(){\n  fetch(\'/get_messages\')\n    .then(function (text) {\n      document.getElementById(""test"").textContent\n     });\n  return false;\n}']","['window.onload = function (){\n  var update_loop = setInterval(update, 100)\n  var test = document.getElementById(""test"")\n  console.log(test.innerHTML)\n  update()\n};\n\nfunction update(){\n  fetch(\'/get_messages\')\n    .then(function (response) {\n      return response.text()\n    }.then(function (text) {\n      document.getElementById(""test"").textContent\n    });\n  return false;\n}']"
15167,15288,14,"['window.onload = function (){\n  var update_loop = setInterval(update, 100)\n  var test = document.getElementById(""test"")\n  console.log(test.innerHTML)\n  update()\n};\n\nfunction update(){\n  fetch(\'/get_messages\')\n    .then(function (response) {\n      return response.text()\n    }.then(function (text) {\n      document.getElementById(""test"").textContent\n    });\n  return false;\n}']","['window.onload = function (){\n  var update_loop = setInterval(update, 100)\n  var test = document.getElementById(""test"")\n  console.log(test.innerHTML)\n  update()\n};\n\nfunction update(){\n  fetch(\'/get_messages\')\n    .then(function (response) {\n      return response.json()\n    }.then(function (text) {\n      document.getElementById(""test"").textContent\n    });\n  return false;\n}']"
15288,15323,14,"['window.onload = function (){\n  var update_loop = setInterval(update, 100)\n  var test = document.getElementById(""test"")\n  console.log(test.innerHTML)\n  update()\n};\n\nfunction update(){\n  fetch(\'/get_messages\')\n    .then(function (response) {\n      return response.json()\n    }.then(function (text) {\n      document.getElementById(""test"").textContent\n    });\n  return false;\n}']","['window.onload = function (){\n  var update_loop = setInterval(update, 100)\n  var test = document.getElementById(""test"")\n  console.log(test.innerHTML)\n  update()\n};\n\nfunction update(){\n  fetch(\'/get_messages\')\n    .then(function (response) {\n      return response.json()\n    }.then(function (text) {\n      for (value of text[\'messages\']){\n        document.write(value + ""<br >"");\n      }\n    });\n  return false;\n}']"
15323,15587,16,"['window.onload = function (){\n  var update_loop = setInterval(update, 100)\n  var test = document.getElementById(""test"")\n  console.log(test.innerHTML)\n  update()\n};\n\nfunction update(){\n  fetch(\'/get_messages\')\n    .then(function (response) {\n      return response.json()\n    }.then(function (text) {\n      for (value of text[\'messages\']){\n        document.write(value + ""<br >"");\n      }\n    });\n  return false;\n}']","['window.onload = function (){\n  var update_loop = setInterval(update, 100)\n  var test = document.getElementById(""test"")\n  console.log(test.innerHTML)\n  update()\n};\n\nfunction update(){\n  fetch(\'/get_messages\')\n    .then(function (response) {\n      return response.json()\n    }.then(function (text) {\n      for (value of text[\'messages\']){\n        messages = messages + ""<br >"" + value\n      }\n      document.getElementById(""test"").innerHTML = messages\n    });\n  return false;\n}']"
