seed,startTime,endTime
' How to test Chrome Extensions Â· Endtest',3189,3224
' imageio python',12421,12848
' dog clip art',13463,13470
' house clipart jpeg',13576,13579
' python pil iterate over pixels',13773,13814
' python - How to loop all image pixels and tell whether they are black or white - Stack Overflow',13819,16234
' python pixel similarity',16925,16944
' scipy spatial',16957,17693
' RGB (177 182 182)',18258,21606
' Python PIL | Image.draft() method - GeeksforGeeks',21638,84715
' color wheel jpg',89217,89962
' GitHub - fengsp/color-thief-py: Grabs the dominant color or a representative color palette from an image. Uses Python and Pillow.',90031,92379
' Segmentation fault: 11',96798,98091
' 159 155 145',98310,98652
' sklearn.cluster.KMeans — scikit-learn 1.2.1 documentation',98654,98679
' Dominant colors in an image using k-means clustering | by Shivam Thakkar | buZZrobot | Medium',98693,98837
' rgb 211 169 13',98965,98983
' Segmentation Fault in KMeans on OSX · Issue #23574 · scikit-learn/scikit-learn · GitHub',98984,99908
' GitHub - fengsp/color-thief-py: Grabs the dominant color or a representative color palette from an image. Uses Python and Pillow.',99928,99935
' Finding the Most Common Colors in Python | by M. Rake Linggar A. | Towards Data Science',99962,100631
' sklearn.cluster.KMeans — scikit-learn 1.2.1 documentation',101233,106773
' python image similarity',109814,109970
' pil image to numpy array',110058,125779
' python subtract arrays of vectors',173124,182359
' 2400x1200 dpi',187835,187901
' HP T830',187938,187951